article_id,author,category,number_of_comments,timestamp,title
478090,هسبريس من الرباط,orbites,(4),الثلاثاء 14 يوليوز 2020 - 19:45,الملك يشيد بكفاءة الراحل إبراهيم أبو بكر حركات
478044,هسبريس - أمال كنين,orbites,(6),الثلاثاء 14 يوليوز 2020 - 17:20,‪سفارة إسبانيا تعلن رحلتين جديدتين لإجلاء العالقين
478095,هسبريس من الرباط,orbites,(56),الثلاثاء 14 يوليوز 2020 - 20:25,الملك يقرر تأجيل جميع أنشطة واحتفالات الذكرى الـ21 لعيد العرش
478139,هسبريس من الرباط,orbites,(0),الأربعاء 15 يوليوز 2020 - 22:20,"مؤتمر ""فقه الطوارئ"" يناقش ما بعد تفشي كورونا"
478063,إدريس لكريني*,orbites,(13),الأربعاء 15 يوليوز 2020 - 03:00,بين المِحنة والمِنحة .. الجائحة تسائل الاستثمار في التعليم عن بُعد
478111,ميلود بلقاضي*,orbites,(52),الأربعاء 15 يوليوز 2020 - 07:00,"نسبة المشاركة وثقة الناخبين .. ""مسامير"" تطرق رأس الدولة والأحزاب"
478210,هسبريس - عبد الرحيم العسري,orbites,(51),الأربعاء 15 يوليوز 2020 - 21:00,"مزاعم برنامج تجسس إسرائيلي .. الرميد يردّ على ""نيران صديقة"""
478258,هسبريس من الرباط,orbites,(18),السبت 18 يوليوز 2020 - 06:00,"تجديد النّخب وتجاوز الأزمة .. رهانات الدّولة في ""تشريعيات 2021""‬"
478254,هسبريس من الرباط,orbites,(1),الخميس 16 يوليوز 2020 - 11:55,مسابقة علمية تخلق التنافس بين طلبة العلوم القانونية
478117,إبراهيم مشطاط*,orbites,(13),السبت 18 يوليوز 2020 - 05:30,كتاب جديد يستحضر الواقع والآفاق في العلاقات المغربية الصينية
478278,هسبريس من الرباط,orbites,(2),الخميس 16 يوليوز 2020 - 18:13,"""الجامعة الصيفية عن بعد"" بوجدة تناقش ""الرقمنة"""
478628,هسبريس - أمال كنين,art-et-culture,(8),الاثنين 20 يوليوز 2020 - 14:32,حكاية المراية .. سعيدة فكري تتألق في أغنية جديدة
478586,إبراهيم مغراوي من مراكش,art-et-culture,(10),الاثنين 20 يوليوز 2020 - 08:15,"كتاب يطرح نموذجا لبناء مغرب ما بعد ""كورونا"""
478265,هسبريس من الرباط,orbites,(137),الجمعة 17 يوليوز 2020 - 04:00,"هذه أسباب ""ضعف"" مستوى التلاميذ في مادة الرياضيات‬ بالباكالوريا"
478321,هسبريس من الرباط,orbites,(128),الجمعة 17 يوليوز 2020 - 09:00,صور قواعد وتجمعات عسكرية على الحدود تثير انزعاج الجزائر
478705,رشيد الكويرتي من فاس,faits-divers,(1),الثلاثاء 21 يوليوز 2020 - 07:15,"انتشال جثة أربعيني مفقود في ""واد سبو"" بصفرو"
478064,هسبريس - عبد السلام الشامخ,politique,(31),الأربعاء 15 يوليوز 2020 - 06:00,دبلوماسية المملكة تحاول رأب الصدع بين الأطراف المتصارعة بمالي
478146,هسبريس من الرباط,politique,(28),الأربعاء 15 يوليوز 2020 - 14:10,أخنوش يلتقي شبيبات الأحزاب الممثلة في البرلمان
478242,هسبريس - عبد الرحيم العسري,politique,(43),الخميس 16 يوليوز 2020 - 17:00,"""باميون"" يرفضون التحالف مع ""البيجيدي"" ودروس ""جرائم الماضي"""
477931,هسبريس - عبد الرحيم العسري,politique,(51),الثلاثاء 14 يوليوز 2020 - 07:00,"هل يُمهد لقاء ""البام"" و""البيجيدي"" للتحالف في الانتخابات المقبلة؟"
478192,هسبريس من الرباط,politique,(21),الجمعة 17 يوليوز 2020 - 09:14,"المُعارضة تتوحد لتقديم مذكرة ""انتخابات 2021"""
478190,هسبريس من الرباط,politique,(75),الخميس 16 يوليوز 2020 - 05:00,"الرميد: ""أمنستي"" تتمادى في الإساءة .. والمغرب ليس ""نظام القذافي"""
478402,إبراهيم مغراوي من مراكش,politique,(1),الجمعة 17 يوليوز 2020 - 19:43,محاربة المخدرات تسقط مبحوثا عنه بمدينة مراكش
478390,هسبريس من الرباط,politique,(10),الجمعة 17 يوليوز 2020 - 17:03,"""الشباب"" يقود العثماني إلى المساءلة البرلمانية"
478391,هسبريس من الرباط,politique,(6),الجمعة 17 يوليوز 2020 - 18:04,دعم وتعزيز التعاون يجمع بين المالكي وبوعياش
478385,هسبريس- محمد بلقاسم,politique,(0),الجمعة 17 يوليوز 2020 - 17:32,"""الاتحاد"" ينتقد غياب رؤية إعداد قانون المالية المُعدّل"
478412,هسبريس من الرباط,politique,(8),الجمعة 17 يوليوز 2020 - 20:17,"""المستشارين"" يصادق على مشروع قانون المالية المعدل"
478462,هسبريس - محمد بلقاسم,politique,(65),السبت 18 يوليوز 2020 - 16:00,المعارضة توحد مقترحات الانتخابات .. يومٌ للاقتراع ولائحة كفاءات
478585,هسبريس من الرباط,politique,(9),الأحد 19 يوليوز 2020 - 17:15,"حزب ""البام"" يرفض مشروع القانون المالي التعديلي‎"
478471,هسبريس - محمد بلقاسم,politique,(49),الأحد 19 يوليوز 2020 - 07:45,"تشبث الشبيبات الحزبية باللائحة يجدد مطلب إلغاء ""الريع البرلماني"""
478589,هسبريس من الرباط,politique,(9),الاثنين 20 يوليوز 2020 - 00:25,"""باميون"" يحملون وهبي مسؤولية ""إذلال الحزب""‎"
478547,هسبريس - عبد الرحيم العسري,politique,(80),الاثنين 20 يوليوز 2020 - 08:00,هل تُعمق تداعيات الجائحة العزوف الانتخابي في انتخابات 2021؟
478641,هسبريس من الرباط,politique,(2),الاثنين 20 يوليوز 2020 - 17:15,مجلس الحكومة يناقش خطة إقلاع التعمير والإسكان
478649,هسبريس من الدار البيضاء,regions,(3),الاثنين 20 يوليوز 2020 - 14:20,حشرات ضارة تؤرق الأسر البيضاوية في الصيف‎
478660,هسبريس من الرباط,regions,(0),الاثنين 20 يوليوز 2020 - 15:10,درجات الحرارة الدنيا والعليا المرتقبة غدا الثلاثاء
478696,هسبريس - محمد بلقاسم,politique,(62),الاثنين 20 يوليوز 2020 - 20:00,"العثماني يتبنى شعارات ""20 فبراير"" ويثمن هجرة تلاميذ الخصوصي"
478666,أيوب صدور من تطوان,regions,(11),الاثنين 20 يوليوز 2020 - 15:49,آيت الطالب يعيّن مندوبين جديدين بتطوان وطنجة
478653,هسبريس - محمد بلقاسم,politique,(64),الاثنين 20 يوليوز 2020 - 14:00,أحزاب تستعد لإعادة الشيوخ إلى البرلمان من باب لائحة الكفاءات
478674,هسبريس من الرباط,regions,(5),الاثنين 20 يوليوز 2020 - 17:39,ندرة مرافق الترفيه تؤرق سكان جهة درعة تافيلات‬
478670,هسبريس من الرباط,regions,(2),الاثنين 20 يوليوز 2020 - 16:05,ترجيست تتعزز بمشروع بناء مركز لتصفية الدم
478714,رشيد الكويرتي من فاس,regions,(3),الاثنين 20 يوليوز 2020 - 21:31,"تسجيل 62 إصابة جديدة بـ""كورونا"" في جهة فاس"
478694,هسبريس من الرباط,regions,(50),الاثنين 20 يوليوز 2020 - 18:50,جهة طنجة تسجل 181 إصابة بفيروس كورونا في ظرف يوم واحد
478718,هسبريس من الدار البيضاء,regions,(8),الاثنين 20 يوليوز 2020 - 22:40,"""كورونا"" يغلق مقر الكونفدرالية الديمقراطية للشغل"
478715,رشيد بيجيكن من أكادير,regions,(2),الاثنين 20 يوليوز 2020 - 22:41,"جهة سوس تحصي إصابتين جديدتين بـ""كوفيد-19"""
478667,هسبريس من الرباط,regions,(14),الاثنين 20 يوليوز 2020 - 18:20,"قنطرة تسهّل السير بـ""أوطوروت"" الرباط والبيضاء"
478726,إبراهيم مغراوي من مراكش,regions,(2),الاثنين 20 يوليوز 2020 - 23:40,هذه تفاصيل الحالة الوبائية بجهة مراكش - آسفي
478671,هسبريس من الرباط,regions,(0),الثلاثاء 21 يوليوز 2020 - 02:17,محطة المسافرين تخضع للتعقيم بمدينة تارجيست
478661,هسبريس من الرباط,regions,(0),الثلاثاء 21 يوليوز 2020 - 04:16,"هذه توقعات ""الأرصاد الجوية"" لطقس اليوم الثلاثاء"
478701,هسبريس من الرباط,regions,(5),الثلاثاء 21 يوليوز 2020 - 01:24,"جمعويون يخشون مخاطر صحية بمجزرة ""ترميكت"""
478700,هسبريس من الدار البيضاء,regions,(11),الثلاثاء 21 يوليوز 2020 - 06:35,"تلاميذ أحياء شعبية يتصدرون ""متوجي الباكالوريا"""
478728,هسبريس من تطوان,regions,(9),الثلاثاء 21 يوليوز 2020 - 11:05,"""كوفيد-19"" يصيب طبيبا بمستعجلات مشفى تطوان"
478740,محمد ايت حساين,regions,(2),الثلاثاء 21 يوليوز 2020 - 12:05,التحاليل تكشف إصابتين جديدتين بالجائحة في ميدلت
478747,هسبريس من الرباط,regions,(20),الثلاثاء 21 يوليوز 2020 - 13:10,"""أونسا"" ينزع حلقات العيد عن أغنام بجماعة لغوالم‎"
478110,محمد ايت حساين,regions,(11),الثلاثاء 21 يوليوز 2020 - 13:00,"تداعيات جائحة ""كورونا"" تخيم على القطاع السياحي في إقليم تنغير"
478569,هسبريس من الرباط,societe,(44),الاثنين 20 يوليوز 2020 - 07:00,"أزمة ""كورونا"" تجهض أحلام عشرات المغاربة في الهجرة إلى كندا"
478567,هسبريس - مصطفى شاكري ,societe,(41),الاثنين 20 يوليوز 2020 - 02:00,"أخبار الطلاق تنتشر في ""زمن كورونا"" أمام غياب الأرقام الرسمية"
478553,هسبريس - أمال كنين,societe,(30),الاثنين 20 يوليوز 2020 - 09:16,أولياء تلاميذ: مدارس خاصة تنتهك حقوق الأطفال
478598,هسبريس - محمد الراجي,societe,(10),الاثنين 20 يوليوز 2020 - 10:00,"دليل معرفي يرسم ""خارطة طريق"" للخروج السريع من أزمة كورونا"
478684,هسبريس من الرباط,societe,(60),الاثنين 20 يوليوز 2020 - 18:10,المغرب يسجل 326 إصابة جديدة مؤكدة بكورونا خلال 24 ساعة
478625,هسبريس من الرباط,societe,(2),الاثنين 20 يوليوز 2020 - 10:40,وزارة التربية تعلن حصيلة تعميم التعليم الأولي‎
478642,هسبريس - محمد الراجي,societe,(46),الاثنين 20 يوليوز 2020 - 16:00,"عقوبات تأديبية تؤجج مخاوف قضاة المغرب من ""الهشاشة المهنية"""
478695,هسبريس من الرباط,societe,(0),الاثنين 20 يوليوز 2020 - 19:10,عقد 392 جلسة وإدراج 7006 قضايا في 5 أيام
478689,هسبريس - عبد الرحيم العسري,societe,(109),الاثنين 20 يوليوز 2020 - 19:10,ثلاثة سيناريوهات تستبق الدخول المدرسي المقبل في زمن كورونا
478668,هسبريس - مصطفى شاكري,societe,(5),الاثنين 20 يوليوز 2020 - 21:30,"مضامين قانون المالية المُعدل تُخرج ""الجبهة الاجتماعية"" للاحتجاج‬"
478704,هسبريس- عبد الإله شبل,societe,(9),الاثنين 20 يوليوز 2020 - 22:15,"""الطاقة الاستيعابية"" تربك مهنيي النقل العمومي"
478721,هسبريس من الرباط,societe,(4),الاثنين 20 يوليوز 2020 - 23:10,استقالات من هيئة الأطباء تثير استنكارًا نقابيًّا
478685,هسبريس - محمد الراجي (صور: سفيان بالكوري),societe,(68),الاثنين 20 يوليوز 2020 - 23:13,المهدوي: أنا مَلَكي حتى النخاع.. وواجهتُ قسوة السجن بشجاعة
478706,هسبريس - وائل بورشاشن,societe,(2),الثلاثاء 21 يوليوز 2020 - 03:03,"جمعيات تطالب البرلمان بـ""تشريعات عاجلة"" للأوبئة"
478697,هسبريس من الرباط,societe,(10),الثلاثاء 21 يوليوز 2020 - 07:00,"""مخاوف كورونا"" ترافق قرار رفع عدد مسافري الحافلات قُبيل العيد"
478675,هسبريس من الرباط,societe,(56),الثلاثاء 21 يوليوز 2020 - 09:00,هل يؤدي عيد الأضحى إلى ظهور بؤر وبائية جديدة في المملكة؟‬
478665,هسبريس من الرباط,societe,(90),الثلاثاء 21 يوليوز 2020 - 10:00,مؤشّر دولي: المغرب يضاهي دول أوروبا في معدل الأمن والاستقرار
478708,هسبريس من الرباط,societe,(41),الثلاثاء 21 يوليوز 2020 - 12:00,"مغاربة يطلبون تخفيف إجراءات ""الحجر الصّحي"" قُبيل عطلة العيد‬"
478613,هسبريس - محمد الراجي,societe,(57),الثلاثاء 21 يوليوز 2020 - 11:00,"باحث يقترح الاستعانة بـ""العبادات المالية"" لتمويل المنظومة الصحية"
477776,هسبريس من الرباط,medias,(59),السبت 11 يوليوز 2020 - 20:00,رصيف الصحافة: هل تعوّض الجزائر المغاربة المطرودين سنة 1975؟
477893,هسبريس من الرباط,medias,(29),الأحد 12 يوليوز 2020 - 22:35,رصيف الصحافة: ارتفاع حالات حرجة لكورونا بالشمال يؤرق الحكومة
477102,هسبريس من الرباط,medias,(27),الأحد 12 يوليوز 2020 - 03:00,"""دليل الأنترنيت"" .. جريدة تعلم المغاربة التقنيات الحديثة للتواصل"
478055,هسبريس من الرباط,medias,(3),الثلاثاء 14 يوليوز 2020 - 16:30,لقاء بين الفردوس ورئيس جمعية الإعلام والناشرين
477928,هسبريس - أمال كنين (كاريكاتير: عماد السنوني),medias,(13),الاثنين 13 يوليوز 2020 - 12:25,"""‪ميدي1"" .. تسجيل إصابات بكورونا وسط العاملين"
478005,هسبريس من الرباط,medias,(17),الاثنين 13 يوليوز 2020 - 22:00,"رصيف الصحافة: فيروس ""كورونا"" يضرب مستعجلات مدينة طانطان"
477965,هسبريس من الرباط,medias,(20),الاثنين 13 يوليوز 2020 - 21:50,"ندوة تقارب علاقة ""وسائل الإعلام بالتربية الجنسية"""
478216,هسبريس من الرباط,medias,(21),الأربعاء 15 يوليوز 2020 - 22:00,رصيف الصحافة: حركة انتقالية مرتقبة في صفوف الأمن الوطني
478103,هسبريس من الرباط,medias,(33),الثلاثاء 14 يوليوز 2020 - 21:42,"رصيف الصحافة: هدم مقهى ""الأوداية"" يثير غضب ساكنة الرباط"
478360,هسبريس - محمد الراجي,medias,(3),الجمعة 17 يوليوز 2020 - 16:15,"مهنيون مغاربة يرفضون تغوّل ""صحافة التشهير"""
478274,هسبريس من الرباط,medias,(84),الخميس 16 يوليوز 2020 - 15:05,"قناة ""ميدي 1 تيفي"" تطرد الصحافي بلهيسي"
478134,هسبريس من الرباط,medias,(21),الأربعاء 15 يوليوز 2020 - 11:15,"‪نيويورك تايمز تسحب اتهام ""أمنستي"" ضد المغرب"
478314,هسبريس من الرباط,medias,(33),الخميس 16 يوليوز 2020 - 22:00,رصيف الصحافة: لوبيات استغلال الشواطئ المغربية تبتز المصطافين
478429,هسبريس من الرباط,medias,(26),الجمعة 17 يوليوز 2020 - 22:30,"رصيف الصحافة: الغموض يسود تدابير علاج ""كورونا"" في طنجة"
478513,هسبريس من الرباط,medias,(22),السبت 18 يوليوز 2020 - 21:17,"جمعية ""إيزيك"" تتضامن مع الصحافي بلهايسي"
478609,هسبريس من الرباط,medias,(10),الأحد 19 يوليوز 2020 - 22:00,"رصيف الصحافة: ""كورونا"" على متن سفينة يستنفر سلطات طنجة"
478494,هسبريس من الرباط,medias,(49),السبت 18 يوليوز 2020 - 21:00,"رصيف الصحافة: ""الدرس المغربي"" يثير اهتمام الرئيس التونسي سعيّد"
478482, رشيد بيجيكن من أكادير,faits-divers,(11),الأحد 19 يوليوز 2020 - 00:37,السرقة بالعنف توصل الشرطة إلى عصابة إجرامية
478515,مصطفى البكار من تزنيت,faits-divers,(7),السبت 18 يوليوز 2020 - 23:33,"درك تزنيت يضبط شحنة مهيّجات وأقراص ""دردك"""
478691,هسبريس من الدارالبيضاء,medias,(23),الاثنين 20 يوليوز 2020 - 17:50,القاضي يستمع للريسوني ساعات .. والصحافي يرفض الاتهامات
478717,هسبريس من الرباط,medias,(3),الاثنين 20 يوليوز 2020 - 22:00,"رصيف الصحافة: مصابون بـ""كورونا"" يجتازون مباريات ""الداخلية"""
478526,صالح الخزاعي من خريبكة,faits-divers,(11),الأحد 19 يوليوز 2020 - 00:47,حادث يُخلف قتيليْن وجرحى بين وادي زم وبوجنيبة
478545,هسبريس من الرباط,faits-divers,(3),الأحد 19 يوليوز 2020 - 12:48,تفكيك شبكة إجرامية تنشط في ترويج الكوكايين‎
478511,هسبريس من الرباط,faits-divers,(51),الأحد 19 يوليوز 2020 - 06:30,من البحر إلى البرّ .. المغرب يعيد سويسريا عالقا على متن يخت
478571,حميد رزقي,faits-divers,(2),الأحد 19 يوليوز 2020 - 16:13,مصرع شاب غرقا في قناة للري نواحي إقليم أزيلال
478607,هسبريس من الرباط,faits-divers,(9),الأحد 19 يوليوز 2020 - 21:24,مقدم شرطة يتعرض للضرب المفضي إلى الموت‎
478593,حميد رزقي,faits-divers,(10),الأحد 19 يوليوز 2020 - 19:42,"شبهة ""الحوت الأزرق"" تحيط بوفاة تلميذ مغربي"
478612,هسبريس من الرباط,faits-divers,(11),الأحد 19 يوليوز 2020 - 22:20,إيقاف ضابط شرطة متورط في النصب والاحتيال‎
478620,إبراهيم الحافظون من سطات,faits-divers,(5),الأحد 19 يوليوز 2020 - 23:39,حبل حول العنق يُنهي حياة ثلاثيني نواحي البروج
478644,رشيد بيجيكن من أكادير,faits-divers,(5),الاثنين 20 يوليوز 2020 - 12:07,الأمن يحجز أزيد من 4 أطنان من الشيرا في أكادير‬
478614,رشيد الكويرتي من فاس,faits-divers,(1),الأحد 19 يوليوز 2020 - 22:44,جثة متقاعد تستنفر السلطات المحلية بأزرو
478713,هسبريس من طنجة,faits-divers,(10),الاثنين 20 يوليوز 2020 - 21:00,حريق يلتهم هكتارات بالغابة الدبلوماسية بطنجة
478683,هسبريس من شفشاون,faits-divers,(21),الاثنين 20 يوليوز 2020 - 16:50,أم لأربعة أطفال تنهي حياتها ضواحي شفشاون
478692,هسبريس من الرباط,faits-divers,(21),الثلاثاء 21 يوليوز 2020 - 05:00,إحباط تهريب عشرات الطُيور بمليار سنتيم من إسبانيا إلى المغرب
478682,إبراهيم مغراوي من مراكش ,faits-divers,(1),الثلاثاء 21 يوليوز 2020 - 05:50,"ترويج ""الماحيا"" يورط صاحب سوابق في مراكش"
477944,هسبريس من الرباط,marocains-du-monde,(143),الثلاثاء 14 يوليوز 2020 - 11:00,معدّل الرّحلات الجوية واختبارات كورونا وراء غضب الجالية المغربية‬
478766,عبد الكريم هرواش من الناظور,faits-divers,(4),الثلاثاء 21 يوليوز 2020 - 14:23,"تسجيل إصابتين جديدتين بـ""كوفيد-19"" في الناظور"
477849,هسبريس - محمد الراجي,marocains-du-monde,(202),الثلاثاء 14 يوليوز 2020 - 09:00,ارتفاع أسعار تذاكر الرحلات الجوية يكوي جيوب العائدين إلى المغرب
478746,هسبريس من الرباط,faits-divers,(1),الثلاثاء 21 يوليوز 2020 - 11:30,البحرية الملكية توقف مرشحين للهجرة غير النظامية‎
478162,هسبريس - عبد السلام الشامخ,marocains-du-monde,(39),الأربعاء 15 يوليوز 2020 - 20:00,"مغاربة عالقون ينصبون الخيام ويواجهون ""السجن"" في إسطنبول"
478053,هسبريس ـ عبد الرحيم العسري,marocains-du-monde,(44),الأربعاء 15 يوليوز 2020 - 12:00,مغاربة في لبنان .. حياة مستحيلة وأسعار خيالية لتذاكر الرحلات
478209,حسن الركاز من هولندا,marocains-du-monde,(42),الأربعاء 15 يوليوز 2020 - 21:10,تكاليف السفر والفحص تؤرق المغاربة في أوروبا
477846,هسبريس - مصطفى شاكري,marocains-du-monde,(23),الخميس 16 يوليوز 2020 - 01:00,"ضيعات إسبانية تنتقد ""العملية الاستثنائية"" لفتح الحدود المغربية‬"
478292,هسبريس - محمد الراجي,marocains-du-monde,(84),الجمعة 17 يوليوز 2020 - 01:00,شاب مغربي يفتح أبواب الفنادق الفرنسية لإيواء العالقين مجاناً
478325,هسبريس من الرباط,marocains-du-monde,(0),الجمعة 17 يوليوز 2020 - 00:18,"الشبكة المغربية الأمريكية تحتفي بـ""يوم المغرب""‎"
478228,هسبريس من الرباط,marocains-du-monde,(5),الأربعاء 15 يوليوز 2020 - 23:50,رحلة استثنائية تنطلق من مسقط إلى الدار البيضاء‎
478225,هسبريس من الرباط,marocains-du-monde,(155),الخميس 16 يوليوز 2020 - 09:00,"شروط صارمة ""تحرم"" مغاربة العالم من قضاء عطلة العيد بالمملكة‎"
478340,هسبريس من الرباط,marocains-du-monde,(46),الجمعة 17 يوليوز 2020 - 11:10,"قنصلية المملكة تُوضح بشأن احتجاج ""حرّاڭة مغاربة"" وسط إسطنبول"
478411,هسبريس من الرباط,marocains-du-monde,(9),السبت 18 يوليوز 2020 - 10:44,عائلات تدعو إلى إرجاع طلبة مغاربة من السنغال‎
478350,هسبريس - أمال كنين,marocains-du-monde,(12),الجمعة 17 يوليوز 2020 - 12:50,فرنسا تمدد تأشيرات منتهية المدة لمغاربة عالقين
478400,الشيخ اليوسي من واشنطن,marocains-du-monde,(60),السبت 18 يوليوز 2020 - 09:00,حكومة أمريكا تسمح للمغربي السلاوي بالاستثمار في مجال الأدوية‬
478524,هسبريس من الرباط,marocains-du-monde,(85),الأحد 19 يوليوز 2020 - 02:21,"تنسيقية ""الأحرار"" تلتئم في لقاء تواصلي بألمانيا"
478336,جمال سماحي من تطوان ,marocains-du-monde,(11),السبت 18 يوليوز 2020 - 09:10,بوادر أمل تتخلل أزمة العاملات الموسميات بإسبانيا
478510,هسبريس من الرباط,marocains-du-monde,(8),الأحد 19 يوليوز 2020 - 06:45,إطلاق برنامج إرجاع عاملات الفراولة من إسبانيا
478073,هسبريس من الرباط,art-et-culture,(1),الأربعاء 15 يوليوز 2020 - 02:50,"الحسيني يصدر فيديو كليب ""يا ربي گاغ أمعاون"""
477998,هسبريس من الرباط,art-et-culture,(0),الثلاثاء 14 يوليوز 2020 - 01:08,"الروائي بيروك يوضح بخصوص جائزة ""أمادو أنداي"""
478579,هسبريس من الرباط,marocains-du-monde,(11),الأحد 19 يوليوز 2020 - 17:35,عودة الفوج الأول من العاملات المغربيات بإسبانيا‎
478236,هسبريس - أمال كنين ,art-et-culture,(8),الخميس 16 يوليوز 2020 - 11:15,"الترميم يُحيي المقهى الموريسكي بـ""قصبة الأوداية‬"""
478563,هسبريس - محمد الراجي,marocains-du-monde,(54),الاثنين 20 يوليوز 2020 - 04:00,"إغلاق ميناء ""سيت"" الفرنسي يؤجل عودة مغاربة عالقين إلى أوروبا"
478230,محمد بنعزيز,art-et-culture,(4),الجمعة 17 يوليوز 2020 - 03:00,"فيلم ""المهاجر"" ليوسف شاهين .. سيرة فتى يرى مصر بنظرة ""برانية"""
478072,عبد الكريم هرواش من النّاظور,art-et-culture,(3),الأربعاء 15 يوليوز 2020 - 06:05,مسرحية جديدة تعزز الإصدارات الأمازيغية بالمغرب
478497,هسبريس من الرباط,art-et-culture,(13),الأحد 19 يوليوز 2020 - 05:55,"ندوة دولية تقارب ""تعليم العربية للناطقين بغيرها"""
478413,هسبريس من الرباط,art-et-culture,(39),السبت 18 يوليوز 2020 - 10:05,"محاضرة فكرية تناقش ""أوهام وحقائق"" اللغة العربية‎"
478458,هسبريس من الرباط,art-et-culture,(28),السبت 18 يوليوز 2020 - 13:00,"اللعبي: لست مناصرا لـ""الفرانكوفونية"" .. والأدب مرآة لوجه المجتمع‎"
478401,إبراهيم مغراوي من مراكش,art-et-culture,(2),الأحد 19 يوليوز 2020 - 08:50,"كتاب يعرض ""كورونا"" على منهج العلوم الإنسانية"
478554,عزيز لعويـــسي,art-et-culture,(2),الأحد 19 يوليوز 2020 - 15:28,"""أرشيف المغرب"" تعلن نشر فهرس ""القسم التاريخي"""
478514,هسبريس من تطوان,art-et-culture,(28),الأحد 19 يوليوز 2020 - 11:10,توقف الأعراس يرمي موسيقيين في ردهات القهر
478536,محمد بنعزيز,art-et-culture,(14),الأحد 19 يوليوز 2020 - 20:00,السيرة في الأفلام المغربية .. كرامات الصالحين تغيّب الرؤية النقدية
478555,محمد بنعزيز,art-et-culture,(13),الثلاثاء 21 يوليوز 2020 - 02:50,"فيلم ""المغسلة"" .. أنوية سردية تعرّي فضيحة ""أوراق بنما"" المسرّبة"
478592,هسبريس من الرباط,art-et-culture,(6),الاثنين 20 يوليوز 2020 - 05:00,"الشاعرة الكويتية سعاد الصباح ترد على كوكاس: ""لم أنزوِ إلى الظل‎"""
478594,هسبريس - أمال كنين ,art-et-culture,(8),الاثنين 20 يوليوز 2020 - 01:30,"""رونو 12"" .. فيلم يسافر بالهوية والاختلاف بين المغرب وفرنسا"
478537,هسبريس من الرباط,art-et-culture,(3),الثلاثاء 21 يوليوز 2020 - 03:55,"كوكاس يصر على مداعبة ""أحلام المغاربة"" غير منتهية الصلاحية"
478605,هسبريس من الرباط,art-et-culture,(0),الاثنين 20 يوليوز 2020 - 05:18,بن يونس ماجن يصدر مجموعة شعرية جديدة
475052,هسبريس - نورالدين إكجان,tamazight,(18),الثلاثاء 16 يونيو 2020 - 15:22,"فعاليات أمازيغية تعول على البرلمان لضم ""تيفيناغ"" بالبطاقة الوطنية‎"
474941,هسبريس من الرباط,tamazight,(147),الاثنين 15 يونيو 2020 - 16:30,"""البطاقة الوطنية"" تعتمد الحالة المدنية .. و""تيفيناغ"" مسألة تقنية"
474951,هسبريس - وائل بورشاشن,tamazight,(44),الأربعاء 17 يونيو 2020 - 07:00,هكذا نقل المختار السوسي نفائس أمثال أمازيغية إلى لغة الضّاد
475931,هسبريس - محمد الراجي,tamazight,(9),الأربعاء 24 يونيو 2020 - 14:50,بوكوس: غياب الأمازيغية في بطاقة التعريف يُخل باحترام الدستور
475869,كمال الوسطاني,tamazight,(10),الأربعاء 24 يونيو 2020 - 06:18,بث برامج الإذاعة الأمازيغية يمتد على مدار الساعة‎
474927,هسبريس - مصطفى شاكري,tamazight,(117),الثلاثاء 16 يونيو 2020 - 05:00,"مشروع قانون ""البطاقة الوطنية"" يطرح ""مصالحة الهوية الأمازيغية"""
475923,هسبريس - محمد الراجي (صور: منير محيمدات),tamazight,(103),الأربعاء 24 يونيو 2020 - 15:00,وزارة العدل تتيح إمكانية النطق بالأحكام القضائية باللغة الأمازيغية
476066,هسبريس من الرباط,tamazight,(41),الجمعة 26 يونيو 2020 - 09:24,"""تجاهل"" الأمازيغية يوتر علاقة الحكومة والمعارضة"
476607,صالح الخزاعي من خريبكة,tamazight,(74),الأربعاء 01 يوليوز 2020 - 09:30,طالب جامعي يترجم النشيد المغربي إلى الأمازيغية
475824,هسبريس - نورالدين إكجان,tamazight,(179),الخميس 25 يونيو 2020 - 11:00,القائدان أكسيل وعقبة يثيران صدام سلفيين ومدافعين عن الأمازيغ‬ية
476227,هسبريس من الرباط,tamazight,(94),الأحد 28 يونيو 2020 - 03:25,مقترح قانون يتيح استعمال اللغة الأمازيغية في وثيقة الحالة المدنية
477345,هسبريس - محمد الراجي,tamazight,(36),السبت 11 يوليوز 2020 - 22:00,"""أغْگمّي"" وبناء الطين .. سلاح الأمازيغ أمام الحرِّ والقرِّ في الجبال"
477121,هسبريس من الرباط,tamazight,(54),الاثنين 06 يوليوز 2020 - 07:00,"مؤلف يرصد علاقة ""المهاجرين السوسيين الأوائل"" في مدن المملكة"
477126,هسبريس من الرباط,tamazight,(42),الأربعاء 08 يوليوز 2020 - 03:00,العقل السياسي الأمازيغي المعاصر .. وفاء للفكرة وإخلاص للموقف
478050,هسبريس من الرباط,tamazight,(29),الثلاثاء 14 يوليوز 2020 - 17:46,معهد الثقافة الأمازيغية يفتح الترشّح للجائزة الوطنية
477994,هسبريس من الرباط,tamazight,(25),الثلاثاء 14 يوليوز 2020 - 03:00,"الحسين الباز .. حنجرة ذهبية بارَزت أساطير ""تيرويْسا"" في سوس"
478262,هسبريس من الرباط,economie,(14),السبت 18 يوليوز 2020 - 07:21,"""الباطرونا"" تطلب إعفاء ضريبيا لصندوق كورونا"
478787,أحمد عصيد,tamazight,(0),الثلاثاء 21 يوليوز 2020 - 12:36,"عصيد: مشكلة حميش مع الأمازيغية تنغمس في ""المواقف الشخصية"" (3)"
478013,مصطفى ملو,tamazight,(16),الأربعاء 15 يوليوز 2020 - 05:00,"""لْعنصرت"" .. عندما ""يُبخِّر"" سكان ""أسامر"" للزرع والضرع بالحرمل"
478650,أحمد عصيد,tamazight,(95),الثلاثاء 21 يوليوز 2020 - 06:00,"عصيد: مشكلة حميش مع الأمازيغية تنغمس في ""المواقف الشخصية"""
478407,هسبريس من الرباط,economie,(13),السبت 18 يوليوز 2020 - 15:00,"عراقيل تحول دون استفادة مقاولات من تمويلات ""ضمان أوكسجين"""
478046,هسبريس من الرباط,economie,(32),الأحد 19 يوليوز 2020 - 05:15,كيف يمكن تجاوز الأزمة الاقتصادية لقطاع السياحة في المغرب؟‬
478560,هسبريس من الرباط,economie,(5),الأحد 19 يوليوز 2020 - 14:50,العجز التجاري للمغرب يتراجع بـ10 ملايير درهم
478477,هسبريس - عبد الإله شبل,economie,(106),الأحد 19 يوليوز 2020 - 10:20,هذه خلفيات إلزام رئيس الحكومة الوزراء بقضاء العطلة في المغرب
478601,هسبريس من الرباط,economie,(47),الأحد 19 يوليوز 2020 - 21:00,دول أوروبية تراهن على المغرب لتعويض الصّين في إمداد السيارات‎
478538,هسبريس ـ مُتابعة,economie,(0),الاثنين 20 يوليوز 2020 - 05:57,فقدان الوظائف يشكل خطرا على الاقتصاد الأوروبي
478376,هسبريس من الرباط,economie,(16),الأحد 19 يوليوز 2020 - 11:00,"تداعيات ""كوفيد-19"" الاقتصادية .. ارتفاع الديون وإفلاس الشركات"
478559,هسبريس من الرباط,economie,(5),الاثنين 20 يوليوز 2020 - 08:50,الدرهم يتراجع مقابل الأورو ويتحسن أمام الدولار
478561,هسبريس من الرباط,economie,(5),الاثنين 20 يوليوز 2020 - 07:08,حاجيات البنوك من السيولة تفوق 100 مليار درهم
478629,هسبريس من الرباط,economie,(56),الاثنين 20 يوليوز 2020 - 11:00,"رقم معاملات ""اتصالات المغرب"" يفوق 18 مليار درهم في ستة أشهر"
478678,هسبريس - محمد بلقاسم,economie,(37),الاثنين 20 يوليوز 2020 - 17:00,"""ضغوط الباطرونا"" تدفع البرلمان إلى عدم تضريب صندوق كورونا"
478659,هسبريس من الرباط,economie,(8),الاثنين 20 يوليوز 2020 - 21:00,"شركة تابعة للهولدينغ الملكي ضمن الأقوى صناعياً في منطقة ""مينا"""
478639,هسبريس - عبد الرحيم العسري,economie,(30),الاثنين 20 يوليوز 2020 - 13:00,حكومة العثماني تتشبث بزيادة 5 بالمائة في أجور القطاع الخاص
478679,هسبريس - أمال كنين,economie,(11),الاثنين 20 يوليوز 2020 - 22:30,"""فيتش"" تتوقع عجزا غير مسبوق لميزانية المغرب منذ ثلاثة عقود"
478707,هسبريس - محمد لديب,economie,(1),الثلاثاء 21 يوليوز 2020 - 08:50,مهنيون ينتقدون إغفال المقاولين الصغار والذاتيين
478521,هسبريس ـ محمد لديب,economie,(25),الثلاثاء 21 يوليوز 2020 - 01:40,"""اتحاد مقاولات المغرب"" يسارع الخطوات لإنقاذ قطاع العقار والبناء"
478424,هسبورت - سعيد إبراهيم الحاج,sport,(0),الجمعة 17 يوليوز 2020 - 20:54,الحكام يتنفّسون الصعداء..تحاليل سلبية لمخالطي مصاب مركز المعمورة
478720,هسبريس من الرباط,economie,(23),الثلاثاء 21 يوليوز 2020 - 09:36,"تداعيات أزمة ""كورونا"" تثير قلق ربابنة مغاربة"
478672,هسبريس من الرباط,economie,(39),الثلاثاء 21 يوليوز 2020 - 07:25,"""البنك الإسباني"" يُغرِّم مصرفاً مغربياً 10 ملايين درهم"
478315,هسبريس - أ.ف.ب,sport,(20),الخميس 16 يوليوز 2020 - 22:09,الريال يحرز الدوري الإسباني للمرة الرابعة والثلاثين
478421,هسبورت - حمزة اشتيوي,sport,(44),السبت 18 يوليوز 2020 - 05:00,خاليلوزيتش يبحث عن مساعدين جدد لتعزيز طاقم المنتخب المغربي
478466,أوعنا بلعيد,sport,(7),السبت 18 يوليوز 2020 - 23:08,"لامبارد يشيد بانسجام زياش مع لاعبي ""تشيلسي"""
478468,هسبورت - متابعة,sport,(40),السبت 18 يوليوز 2020 - 14:05,"""جامعة الكرة"" تعيد برمجة مباراة الدفاع والرجاء"
478495,هسبريس من الرباط,sport,(2),الأحد 19 يوليوز 2020 - 01:19,هذه برمجة مباريات البطولة بالقسمَين الأول والثاني
478512,هسبورت - آمال لكعيدا,sport,(51),السبت 18 يوليوز 2020 - 22:00,"الدفاع الحسني يرفض ""قرار التأديب"" ويهدد بالقضاء الرياضي الدولي"
478449,هسبريس - أ.ف.ب,sport,(1),الأحد 19 يوليوز 2020 - 03:30,"""مستشار الرئيس"" يعيد كاسياس إلى ""ريال مدريد"""
478502,هسبورت - سعيد إبراهيم الحاج,sport,(0),الأحد 19 يوليوز 2020 - 04:42,"الحسنية تستعيد لاعبين عالقين وتنتظر ""صيام"""
478457,أوعنا بلعيد,sport,(5),الأحد 19 يوليوز 2020 - 07:51,"تعرابت يزف ""خبرا سارا"" لأنصار بنفيكا البرتغالي‎"
478465,أوعنا بلعيد,sport,(1),الأحد 19 يوليوز 2020 - 09:57,زهير فضال يستعد لإنهاء عقد انتقاله إلى لشبونة
478481,أوعنا بلعيد,sport,(1),الاثنين 20 يوليوز 2020 - 06:28,"""خفافيش إسبانيا"" تهتم بتألق المهاجم سليم أملاح"
478501,هسبورت - عبد الله العلوي,sport,(32),الأحد 19 يوليوز 2020 - 06:37,"جماهير الدفاع الجديدي تطلق حملة ""ملاعبينش"""
478643,أوعنا بلعيد,sport,(3),الاثنين 20 يوليوز 2020 - 13:04,الزمالك يؤكد عودة أوناجم وبنشرقي السبت المقبل
478454,أوعنا بلعيد,sport,(10),الأحد 19 يوليوز 2020 - 13:35,الأهلي المصري يحسم مستقبل المغربي وليد أزارو
478646,أوعنا بلعيد,sport,(2),الثلاثاء 21 يوليوز 2020 - 00:33,"المغربي ""تيهي"" يواصل التألق في الدوري السويدي"
478686,أوعنا بلعيد,sport,(0),الثلاثاء 21 يوليوز 2020 - 04:41,مدرب برتغالي يغدق المديح على أداء رومان سايس
478662,أوعنا بلعيد,sport,(1),الاثنين 20 يوليوز 2020 - 20:50,العربي يتوج بلقب الدوري اليوناني وهداف المسابقة
478374,هسبريس من الرباط,orbites,(2),السبت 18 يوليوز 2020 - 08:34,ندوة ومحاضرة تسلّطان الضوء على معركة أنوال
478652,أوعنا بلعيد,sport,(0),الثلاثاء 21 يوليوز 2020 - 06:10,المغربي إلياس شاعر يحصد ثمار التألق بإنجلترا
478669,هسبريس من الرباط,orbites,(3),الاثنين 20 يوليوز 2020 - 20:10,"محاضرة تقارب مساهمة ""آل الولاية"" في المقاومة"
478573,هسبريس من الرباط,orbites,(10),الأحد 19 يوليوز 2020 - 16:00,"فعاليات مؤتمر ""فقه الطوارئ"" تناقش معالم ما بعد جائحة ""كورونا"""
478743,هسبريس ـ مُتابعة,orbites,(2),الثلاثاء 21 يوليوز 2020 - 14:15,الملك محمد السادس يشيد بعراقة الصداقة مع بلجيكا
478362,هسبريس من الرباط,orbites,(29),الأحد 19 يوليوز 2020 - 00:25,هكذا يواجه المغرب الجماعات الإرهابية ويرصد أنشطة المتطرفين
478566,هسبريس - عبد السلام الشامخ,orbites,(81),الأحد 19 يوليوز 2020 - 17:00,"هل يعيد المغرب إغلاق الحدود أمام ارتفاع الإصابات بـ""كوفيد-19""؟‬"
